id,title,description,episodes,averageScore,popularity,genres,format,siteUrl,coverImage
16498,Shingeki no Kyojin,"Several hundred years ago, humans were nearly exterminated by titans. Titans are typically several stories tall, seem to have no intelligence, devour human beings and, worst of all, seem to do it for the pleasure rather than as a food source. A small percentage of humanity survived by walling themselves in a city protected by extremely high walls, even taller than the biggest of titans.<br><br> Flash forward to the present and the city has not seen a titan in over 100 years. Teenage boy Eren and his foster sister Mikasa witness something horrific as the city walls are destroyed by a colossal titan that appears out of thin air. As the smaller titans flood the city, the two kids watch in horror as their mother is eaten alive. Eren vows that he will murder every single titan and take revenge for all of mankind.<br><br> (Source: MangaHelpers) ",25,85,949125,Action|Drama|Fantasy|Mystery,TV,https://anilist.co/anime/16498,https://s4.anilist.co/file/anilistcdn/media/anime/cover/medium/bx16498-buvcRTBx4NSm.jpg
101922,Kimetsu no Yaiba,"It is the Taisho Period in Japan. Tanjiro, a kindhearted boy who sells charcoal for a living, finds his family slaughtered by a demon. To make matters worse, his younger sister Nezuko, the sole survivor, has been transformed into a demon herself. Though devastated by this grim reality, Tanjiro resolves to become a “demon slayer” so that he can turn his sister back into a human, and kill the demon that massacred his family.<br> <br> (Source: Crunchyroll)",26,82,900180,Action|Adventure|Drama|Fantasy|Supernatural,TV,https://anilist.co/anime/101922,https://s4.anilist.co/file/anilistcdn/media/anime/cover/medium/bx101922-WBsBl0ClmgYL.jpg
1535,DEATH NOTE,"Light Yagami is a genius high school student who is about to learn about life through a book of death. When a bored shinigami, a God of Death, named Ryuk drops a black notepad called a <i>Death Note</i>, Light receives power over life and death with the stroke of a pen. Determined to use this dark gift for the best, Light sets out to rid the world of evil… namely, the people he believes to be evil. Should anyone hold such power?<br> <br> The consequences of Light’s actions will set the world ablaze.<br> <br> (Source: Viz Media)",37,84,864777,Mystery|Psychological|Supernatural|Thriller,TV,https://anilist.co/anime/1535,https://s4.anilist.co/file/anilistcdn/media/anime/cover/medium/bx1535-kUgkcrfOrkUM.jpg
113415,Jujutsu Kaisen,"A boy fights... for ""the right death.""<br> <br> Hardship, regret, shame: the negative feelings that humans feel become Curses that lurk in our everyday lives. The Curses run rampant throughout the world, capable of leading people to terrible misfortune and even death. What's more, the Curses can only be exorcised by another Curse.<br> <br> Itadori Yuji is a boy with tremendous physical strength, though he lives a completely ordinary high school life. One day, to save a friend who has been attacked by Curses, he eats the finger of the Double-Faced Specter, taking the Curse into his own soul. From then on, he shares one body with the Double-Faced Specter. Guided by the most powerful of sorcerers, Gojou Satoru, Itadori is admitted to the Tokyo Metropolitan Technical High School of Sorcery, an organization that fights the Curses... and thus begins the heroic tale of a boy who became a Curse to exorcise a Curse, a life from which he could never turn back. <br><br> (Source: Crunchyroll)<br> <br> <i>Note: The first episode received an early web premiere on September 19th, 2020. The regular TV broadcast started on October 3rd, 2020.</i>",24,84,859431,Action|Drama|Supernatural,TV,https://anilist.co/anime/113415,https://s4.anilist.co/file/anilistcdn/media/anime/cover/medium/bx113415-LHBAeoZDIsnF.jpg
21459,Boku no Hero Academia,"What would the world be like if 80 percent of the population manifested extraordinary superpowers called “Quirks” at age four? Heroes and villains would be battling it out everywhere! Becoming a hero would mean learning to use your power, but where would you go to study? U.A. High's Hero Program of course! But what would you do if you were one of the 20 percent who were born Quirkless?<br><br>  Middle school student Izuku Midoriya wants to be a hero more than anything, but he hasn't got an ounce of power in him. With no chance of ever getting into the prestigious U.A. High School for budding heroes, his life is looking more and more like a dead end. Then an encounter with All Might, the greatest hero of them all gives him a chance to change his destiny…<br><br>  (Source: Viz Media)",13,76,797116,Action|Adventure|Comedy,TV,https://anilist.co/anime/21459,https://s4.anilist.co/file/anilistcdn/media/anime/cover/medium/bx21459-nYh85uj2Fuwr.jpg
11061,HUNTER×HUNTER (2011),"A new adaption of the manga of the same name by Togashi Yoshihiro.<br><br> A Hunter is one who travels the world doing all sorts of dangerous tasks. From capturing criminals to searching deep within uncharted lands for any lost treasures. Gon is a young boy whose father disappeared long ago, being a Hunter. He believes if he could also follow his father's path, he could one day reunite with him.<br><br> After becoming 12, Gon leaves his home and takes on the task of entering the Hunter exam, notorious for its low success rate and high probability of death to become an official Hunter. He befriends the revenge-driven Kurapika, the doctor-to-be Leorio and the rebellious ex-assassin Killua in the exam, with their friendship prevailing throughout the many trials and threats they come upon taking on the dangerous career of a Hunter.",148,89,762270,Action|Adventure|Fantasy,TV,https://anilist.co/anime/11061,https://s4.anilist.co/file/anilistcdn/media/anime/cover/medium/bx11061-y5gsT1hoHuHw.png
21087,One Punch Man,"Saitama has a rather peculiar hobby, being a superhero, but despite his heroic deeds and superhuman abilities, a shadow looms over his life. He's become much too powerful, to the point that every opponent ends up defeated with a single punch. <br><br> The lack of challenge has driven him into a state of apathy, as he watches his life pass by having lost all enthusiasm, at least until he's unwillingly thrust in the role of being a mentor to the young and revenge-driven Genos.     ",12,83,705270,Action|Comedy|Sci-Fi|Supernatural,TV,https://anilist.co/anime/21087,https://s4.anilist.co/file/anilistcdn/media/anime/cover/medium/bx21087-B5DHjqZ3kW4b.jpg
20605,Tokyo Ghoul,"The suspense horror/dark fantasy story is set in Tokyo, which is haunted by mysterious ""ghouls"" who are devouring humans. People are gripped by the fear of these ghouls whose identities are masked in mystery. An ordinary college student named Kaneki encounters Rize, a girl who is an avid reader like him, at the café he frequents. Little does he realize that his fate will change overnight. <br><br> (Source: Anime News Network)",12,76,674365,Action|Drama|Horror|Mystery|Psychological|Supernatural,TV,https://anilist.co/anime/20605,https://s4.anilist.co/file/anilistcdn/media/anime/cover/medium/b20605-k665mVkSug8D.jpg
20958,Shingeki no Kyojin Season 2,"Eren Jaeger swore to wipe out every last Titan, but in a battle for his life he wound up becoming the thing he hates most. With his new powers, he fights for humanity's freedom facing the monsters that threaten his home. After a bittersweet victory against the Female Titan, Eren finds no time to rest—a horde of Titans is approaching Wall Rose and the battle for humanity continues!<br><br>  (Source: Funimation)",12,85,667608,Action|Drama|Fantasy|Mystery,TV,https://anilist.co/anime/20958,https://s4.anilist.co/file/anilistcdn/media/anime/cover/medium/bx20958-HuFJyr54Mmir.jpg
21,ONE PIECE,"Gold Roger was known as the Pirate King, the strongest and most infamous being to have sailed the Grand Line. The capture and death of Roger by the World Government brought a change throughout the world. His last words before his death revealed the location of the greatest treasure in the world, One Piece. It was this revelation that brought about the Grand Age of Pirates, men who dreamed of finding One Piece (which promises an unlimited amount of riches and fame), and quite possibly the most coveted of titles for the person who found it, the title of the Pirate King.<br><br> Enter Monkey D. Luffy, a 17-year-old boy that defies your standard definition of a pirate. Rather than the popular persona of a wicked, hardened, toothless pirate who ransacks villages for fun, Luffy’s reason for being a pirate is one of pure wonder; the thought of an exciting adventure and meeting new and intriguing people, along with finding One Piece, are his reasons of becoming a pirate. Following in the footsteps of his childhood hero, Luffy and his crew travel across the Grand Line, experiencing crazy adventures, unveiling dark mysteries and battling strong enemies, all in order to reach One Piece.<br><br> <b>*This includes following special episodes:</b><br> - Chopperman to the Rescue! Protect the TV Station by the Shore! (Episode 336)<br> - The Strongest Tag-Team! Luffy and Toriko's Hard Struggle! (Episode 492)<br> - Team Formation! Save Chopper (Episode 542)<br> - History's Strongest Collaboration vs. Glutton of the Sea (Episode 590)<br> - 20th Anniversary! Special Romance Dawn (Episode 907)",,88,660656,Action|Adventure|Comedy|Drama|Fantasy,TV,https://anilist.co/anime/21,https://s4.anilist.co/file/anilistcdn/media/anime/cover/medium/bx21-ELSYx3yMPcKM.jpg
5114,Hagane no Renkinjutsushi: FULLMETAL ALCHEMIST,"""In order for something to be obtained, something of equal value must be lost."" <br><br> Alchemy is bound by this Law of Equivalent Exchange—something the young brothers Edward and Alphonse Elric only realize after attempting human transmutation: the one forbidden act of alchemy. They pay a terrible price for their transgression—Edward loses his left leg, Alphonse his physical body. It is only by the desperate sacrifice of Edward's right arm that he is able to affix Alphonse's soul to a suit of armor. Devastated and alone, it is the hope that they would both eventually return to their original bodies that gives Edward the inspiration to obtain metal limbs called ""automail"" and become a state alchemist, the Fullmetal Alchemist. <br><br> Three years of searching later, the brothers seek the Philosopher's Stone, a mythical relic that allows an alchemist to overcome the Law of Equivalent Exchange. Even with military allies Colonel Roy Mustang, Lieutenant Riza Hawkeye, and Lieutenant Colonel Maes Hughes on their side, the brothers find themselves caught up in a nationwide conspiracy that leads them not only to the true nature of the elusive Philosopher's Stone, but their country's murky history as well. In between finding a serial killer and racing against time, Edward and Alphonse must ask themselves if what they are doing will make them human again... or take away their humanity. <br><br> (Source: MAL Rewrite)",64,90,658622,Action|Adventure|Drama|Fantasy,TV,https://anilist.co/anime/5114,https://s4.anilist.co/file/anilistcdn/media/anime/cover/medium/bx5114-nSWCgQlmOMtj.jpg
20,NARUTO,"Naruto Uzumaki, a hyperactive and knuckle-headed ninja, lives in Konohagakure, the Hidden Leaf village. Moments prior to his birth, a huge demon known as the Kyuubi, the Nine-tailed Fox, attacked Konohagakure and wreaked havoc. In order to put an end to the Kyuubi's rampage, the leader of the village, the 4th Hokage, sacrificed his life and sealed the monstrous beast inside the newborn Naruto. <br><br> Shunned because of the presence of the Kyuubi inside him, Naruto struggles to find his place in the village. He strives to become the Hokage of Konohagakure, and he meets many friends and foes along the way. <br><br> (Source: MAL Rewrite)",220,80,655549,Action|Adventure|Comedy|Drama|Fantasy|Supernatural,TV,https://anilist.co/anime/20,https://s4.anilist.co/file/anilistcdn/media/anime/cover/medium/bx20-dE6UHbFFg1A5.jpg
11757,Sword Art Online,"In the near future, a Virtual Reality Massive Multiplayer Online Role-Playing Game (VRMMORPG) called Sword Art Online has been released where players control their avatars with their bodies using a piece of technology called Nerve Gear. One day, players discover they cannot log out, as the game creator is holding them captive unless they reach the 100th floor of the game's tower and defeat the final boss. However, if they die in the game, they die in real life. Their struggle for survival starts now...<br><br> (Source: Crunchyroll)",25,69,654681,Action|Adventure|Fantasy|Romance,TV,https://anilist.co/anime/11757,https://s4.anilist.co/file/anilistcdn/media/anime/cover/medium/bx11757-SxYDUzdr9rh2.jpg
21519,Kimi no Na wa.,"Mitsuha Miyamizu, a high school girl, yearns to live the life of a boy in the bustling city of Tokyo—a dream that stands in stark contrast to her present life in the countryside. Meanwhile in the city, Taki Tachibana lives a busy life as a high school student while juggling his part-time job and hopes for a future in architecture.<br> <br> One day, Mitsuha awakens in a room that is not her own and suddenly finds herself living the dream life in Tokyo—but in Taki's body! Elsewhere, Taki finds himself living Mitsuha's life in the humble countryside. In pursuit of an answer to this strange phenomenon, they begin to search for one another.<br> <br> <i>Kimi no Na wa.</i> revolves around Mitsuha and Taki's actions, which begin to have a dramatic impact on each other's lives, weaving them into a fabric held together by fate and circumstance.<br> <br> (Source: MAL Rewrite)",1,85,645526,Drama|Romance|Supernatural,MOVIE,https://anilist.co/anime/21519,https://s4.anilist.co/file/anilistcdn/media/anime/cover/medium/bx21519-SUo3ZQuCbYhJ.png
20954,Koe no Katachi,"After transferring into a new school, a deaf girl, Shouko Nishimiya, is bullied by the popular Shouya Ishida. As Shouya continues to bully Shouko, the class turns its back on him. Shouko transfers and Shouya grows up as an outcast. Alone and depressed, the regretful Shouya finds Shouko to make amends. <br><br> (Source: Eleven Arts)",1,88,638602,Drama|Romance|Slice of Life,MOVIE,https://anilist.co/anime/20954,https://s4.anilist.co/file/anilistcdn/media/anime/cover/medium/bx20954-sYRfE5jQRtSB.jpg
99147,Shingeki no Kyojin Season 3,"Eren and his companions in the 104th are assigned to the newly-formed Levi Squad, whose assignment is to keep Eren and Historia safe given Eren's newly-discovered power and Historia's knowledge and pedigree. Levi and Erwin have good reason to be concerned, because the priest of the Church that Hanji had hidden away was found tortured to death, making it clear that the Military Police are involved with the cover-up. Things get more harrowing when the MPs make a move on Erwin and the Levi Squad narrowly avoids capture. Eren is also having problems with his Titan transformation, and a deadly killer has been hired to secure Eren and Historia, one Levi knows all too well from his youth.<br> <br> (Source: Anime News Network)",12,85,623635,Action|Drama|Fantasy|Mystery,TV,https://anilist.co/anime/99147,https://s4.anilist.co/file/anilistcdn/media/anime/cover/medium/bx99147-AiPDD8cwlCfi.jpg
21856,Boku no Hero Academia 2,"Taking off right after the last episode of the first season. The school is temporarily closed due to security. When U.A. restarts, it is announced that the highly anticipated School Sports Festival will soon be taking place. All classes: Hero, Support, General and Business will be participating. Tournaments all round will decide who is the top Hero in training.<br><br>(Source: Anime News Network)",25,79,604545,Action|Adventure|Comedy,TV,https://anilist.co/anime/21856,https://s4.anilist.co/file/anilistcdn/media/anime/cover/medium/bx21856-gutauxhWAwn6.png
101759,Yakusoku no Neverland,"Emma, Norman and Ray are the brightest kids at the Grace Field House orphanage. And under the care of the woman they refer to as “Mom,” all the kids have enjoyed a comfortable life. Good food, clean clothes and the perfect environment to learn—what more could an orphan ask for? One day, though, Emma and Norman uncover the dark truth of the outside world they are forbidden from seeing. <br><br> (Source: Viz Media)",12,83,586623,Drama|Fantasy|Horror|Mystery|Psychological|Thriller,TV,https://anilist.co/anime/101759,https://s4.anilist.co/file/anilistcdn/media/anime/cover/medium/bx101759-8UR7r9MNVpz2.jpg
110277,Shingeki no Kyojin: The Final Season,"It’s been four years since the Scout Regiment reached the shoreline, and the world looks different now. Things are heating up as the fate of the Scout Regiment—and the people of Paradis—are determined at last. However, Eren is missing. Will he reappear before age-old tensions between Marleyans and Eldians result in the war of all wars?<br> <br> (Source: Crunchyroll)",16,86,582489,Action|Drama|Fantasy|Mystery,TV,https://anilist.co/anime/110277,https://s4.anilist.co/file/anilistcdn/media/anime/cover/medium/bx110277-sKUNXAsWMNFw.jpg
20755,Ansatsu Kyoushitsu,"The students of class 3-E have a mission: kill their teacher before graduation. He has already destroyed the moon, and has promised to destroy the Earth if he can not be killed within a year. But how can this class of misfits kill a tentacled monster, capable of reaching Mach 20 speed, who may be the best teacher any of them have ever had?",22,79,574594,Action|Comedy|Drama|Supernatural,TV,https://anilist.co/anime/20755,https://s4.anilist.co/file/anilistcdn/media/anime/cover/medium/bx20755-dWrhs569YGUO.jpg
21507,Mob Psycho 100,"The story revolves around ""Mob,"" a boy who will explode if his emotional capacity reaches 100%. This boy with psychic powers earned his nickname ""Mob"" because he does not stand out among other people. He keeps his psychic powers bottled up so he can live normally, but if his emotional level reaches 100, something will overwhelm his entire body.<br> <br> (Source: Anime News Network)",12,84,566693,Action|Comedy|Drama|Psychological|Slice of Life|Supernatural,TV,https://anilist.co/anime/21507,https://s4.anilist.co/file/anilistcdn/media/anime/cover/medium/bx21507-6YUSbh2m0N1p.jpg
20665,Shigatsu wa Kimi no Uso,"Piano prodigy Arima Kousei dominated the competition and all child musicians knew his name. But after his mother, who was also his instructor, passed away, he had a mental breakdown while performing at a recital. This resulted in him no longer being able to hear the sound of his piano playing. Two years later, Kousei hasn’t touched the piano and views the world without any flair or color. He was content at living out his life with his good friends Tsubaki and Watari until, one day, a girl changed everything. Miyazono Kaori is a pretty, free spirited violinist whose playing style reflects her personality. Kaori helps Kousei return to the music world and show that it should be free and mold breaking unlike the structured and rigid style Kousei was used to.",22,84,554918,Drama|Music|Romance|Slice of Life,TV,https://anilist.co/anime/20665,https://s4.anilist.co/file/anilistcdn/media/anime/cover/medium/bx20665-TLgkL8T8IRFd.png
21234,Boku dake ga Inai Machi,"Satoru Fujinuma is a 29 year old manga artist struggling to make a name for himself following his debut. But, that was not the only thing in his life that Satoru was feeling frustrated about… He has a unique supernatural ability of being forced to prevent deaths and catastrophes by being sent back in time before the incident occurred, repeating time until the accident is prevented. One day, he gets involved in an accident that has him framed as a murderer. Desperate to save the victim, he sends himself back in time only to find himself as a grade-schooler one month before fellow classmate Kayo Hinazuki went missing. Satoru now embarks on a new quest: to save Kayo and solve the mystery behind her disappearance. ",12,81,554613,Drama|Mystery|Psychological|Supernatural|Thriller,TV,https://anilist.co/anime/21234,https://s4.anilist.co/file/anilistcdn/media/anime/cover/medium/bx21234-XmqW39aQ9o7O.jpg
104578,Shingeki no Kyojin Season 3 Part 2,"The battle to retake Wall Maria begins now! With Eren’s new hardening ability, the Scouts are confident they can seal the wall and take back Shiganshina District. If they succeed, Eren can finally unlock the secrets of the basement—and the world. But danger lies in wait as Reiner, Bertholdt, and the Beast Titan have plans of their own. Could this be humanity’s final battle for survival?<br> <br> (Source: Funimation)",10,89,554609,Action|Drama|Fantasy|Mystery,TV,https://anilist.co/anime/104578,https://s4.anilist.co/file/anilistcdn/media/anime/cover/medium/bx104578-k61nx3LPjvgd.jpg
100166,Boku no Hero Academia 3,"Summer is here, and the heroes of Class 1-A and 1-B are in for the toughest training camp of their lives! A group of seasoned pros pushes everyone's Quirks to new heights as the students face one overwhelming challenge after another. Braving the elements in this secret location becomes the least of their worries when routine training turns into a critical struggle for survival.<br><br>(Source: Crunchyroll)",25,78,553559,Action|Adventure|Comedy|Drama,TV,https://anilist.co/anime/100166,https://s4.anilist.co/file/anilistcdn/media/anime/cover/medium/bx100166-jUCZYbzn2XLw.jpg
1735,NARUTO: Shippuuden,"Naruto: Shippuuden is the continuation of the original animated TV series Naruto. The story revolves around an older and slightly more matured Uzumaki Naruto and his quest to save his friend Uchiha Sasuke from the grips of the snake-like Shinobi, Orochimaru. After 2 and a half years Naruto finally returns to his village of Konoha, and sets about putting his ambitions to work, though it will not be easy, as he has amassed a few (more dangerous) enemies, in the likes of the shinobi organization; Akatsuki. <br><br> (Source: Anime News Network)",500,82,553350,Action|Adventure|Comedy|Drama|Fantasy|Supernatural,TV,https://anilist.co/anime/1735,https://s4.anilist.co/file/anilistcdn/media/anime/cover/medium/bx1735-kGfVm0YqCPcu.png
21355,Re:Zero kara Hajimeru Isekai Seikatsu,"In the story, Subaru Natsuki is an ordinary high school student who is lost in an alternate world, where he is rescued by a beautiful, silver-haired girl. He stays near her to return the favor, but the destiny she is burdened with is more than Subaru can imagine. Enemies attack one by one, and both of them are killed. He then finds out he has the power to rewind death, back to the time he first came to this world. But only he remembers what has happened since.<br> <br> (Source: Anime News Network) <br><br> <i>Notes:<br> - The first episode aired with a runtime of ~50 minutes as opposed to the standard 25 minute long episode.<br> - In the Winter 2020 season, Re:ZERO was rebroadcast and re-edited to fit into an hour time-slot. This edit included the first OVA and added slight modifications to certain scenes throughout. It also added an additional scene at the end of the final episode.</i>",25,81,549302,Action|Adventure|Drama|Fantasy|Psychological|Romance|Thriller,TV,https://anilist.co/anime/21355,https://s4.anilist.co/file/anilistcdn/media/anime/cover/medium/bx21355-wRVUrGxpvIQQ.jpg
127230,Chainsaw Man,"Denji is a teenage boy living with a Chainsaw Devil named Pochita. Due to the debt his father left behind, he has been living a rock-bottom life while repaying his debt by harvesting devil corpses with Pochita.<br><br> One day, Denji is betrayed and killed. As his consciousness fades, he makes a contract with Pochita and gets revived as ""Chainsaw Man"" — a man with a devil's heart.<br> <br> (Source: Crunchyroll)",12,83,540992,Action|Drama|Horror|Supernatural,TV,https://anilist.co/anime/127230,https://s4.anilist.co/file/anilistcdn/media/anime/cover/medium/bx127230-DdP4vAdssLoz.png
9253,Steins;Gate,"Self-proclaimed mad scientist Okabe Rintarou lives in a small room in Akihabara, where he invents ""future gadgets"" with fellow lab members Shiina Mayuri, his air-headed childhood friend, and Hashida Itaru, an otaku hacker. The three pass the time by tinkering with their latest creation, a ""Phone Microwave"" that can be controlled through text messages.  <br><br> The lab members soon face a string of mysterious incidents that lead to a game-changing discovery: the Phone Microwave can send emails to the past and thus alter history. Adapted from the critically acclaimed visual novel by 5pb. and Nitroplus, Steins;Gate takes Okabe to the depths of scientific theory and human despair as he faces the dire consequences of changing the past.",24,89,539821,Drama|Psychological|Sci-Fi|Thriller,TV,https://anilist.co/anime/9253,https://s4.anilist.co/file/anilistcdn/media/anime/cover/medium/bx9253-tIUXF2gfU8Sg.jpg
20464,Haikyuu!!,"Inspired after watching a volleyball ace nicknamed ""Little Giant"" in action, small-statured Shouyou Hinata revives the volleyball club at his middle school. The newly-formed team even makes it to a tournament; however, their first match turns out to be their last when they are brutally squashed by the ""King of the Court,"" Tobio Kageyama. Hinata vows to surpass Kageyama, and so after graduating from middle school, he joins Karasuno High School's volleyball team—only to find that his sworn rival, Kageyama, is now his teammate. <br><br> Thanks to his short height, Hinata struggles to find his role on the team, even with his superior jumping power. Surprisingly, Kageyama has his own problems that only Hinata can help with, and learning to work together appears to be the only way for the team to be successful. Based on Haruichi Furudate's popular shounen manga of the same name, Haikyuu!! is an exhilarating and emotional sports comedy following two determined athletes as they attempt to patch a heated rivalry in order to make their high school volleyball team the best in Japan. <br><br> [Written by MAL Rewrite]",25,83,536502,Comedy|Drama|Sports,TV,https://anilist.co/anime/20464,https://s4.anilist.co/file/anilistcdn/media/anime/cover/medium/bx20464-ooZUyBe4ptp9.png
101291,Seishun Buta Yarou wa Bunny Girl Senpai no Yume wo Minai,"There's a rumor about a mysterious phenomenon called ""puberty syndrome."" For example, Sakuta Azusagawa is a high school student who suddenly sees a bunny girl appear in front of him. The girl is actually a girl named Mai Sakurajima, who is Sakuta's upperclassman who is also a famous actress who has gone on hiatus from the entertainment industry. For some reason, the people around Mai cannot see her bunny-girl figure. Sakuta sets out to solve this mystery, and as he spends time with Mai, he learns her secret feelings. Other heroines who have ""puberty syndrome"" start to appear in front of Sakuta.<br><br> (Source: Anime News Network)",13,80,519961,Comedy|Drama|Mystery|Psychological|Romance|Supernatural,TV,https://anilist.co/anime/101291,https://s4.anilist.co/file/anilistcdn/media/anime/cover/medium/bx101291-wfEdgPqtfU0l.jpg
97940,Black Clover,"In a world where magic is everything, Asta and Yuno are both found abandoned at a church on the same day. While Yuno is gifted with exceptional magical powers, Asta is the only one in this world without any. At the age of fifteen, both receive grimoires, magic books that amplify their holder’s magic. Asta’s is a rare Grimoire of Anti-Magic that negates and repels his opponent’s spells. Being opposite but good rivals, Yuno and Asta are ready for the hardest of challenges to achieve their common dream: to be the Wizard King. Giving up is never an option!<br> <br> (Source: Crunchyroll)",170,79,518230,Action|Adventure|Comedy|Fantasy,TV,https://anilist.co/anime/97940,https://s4.anilist.co/file/anilistcdn/media/anime/cover/medium/bx97940-fyh8o7gNbha0.png
101921,Kaguya-sama wa Kokurasetai: Tensaitachi no Renai Zunousen,"Known for being both brilliant and powerful, Miyuki Shirogane and Kaguya Shinomiya lead the illustrious Shuchiin Academy as near equals. And everyone thinks they’d make a great couple. Pride and arrogance are in ample supply, so the only logical move is to trick the other into instigating a date! Who will come out on top in this psychological war where the first move is the only one that matters? <br><br> (Source: Aniplex)",12,83,504218,Comedy|Psychological|Romance|Slice of Life,TV,https://anilist.co/anime/101921,https://s4.anilist.co/file/anilistcdn/media/anime/cover/medium/bx101921-ufrjLzhSz7L1.jpg
140960,SPY×FAMILY,"Everyone has a part of themselves they cannot show to anyone else. <br><br> At a time when all nations of the world were involved in a fierce war of information happening behind closed doors, Ostania and Westalis had been in a state of cold war against one another for decades. The Westalis Intelligence Services' Eastern-Focused Division (WISE) sends their most talented spy, ""Twilight,"" on a top-secret mission to investigate the movements of Donovan Desmond, the chairman of Ostania's National Unity Party, who is threatening peace efforts between the two nations. <br><br> This mission is known as ""Operation Strix."" It consists of ""putting together a family in one week in order to infiltrate social gatherings organized by the elite school that Desmond's son attends."" <br><br> ""Twilight"" takes on the identity of psychiatrist Loid Forger and starts looking for family members. But Anya, the daughter he adopts, turns out to have the ability to read people's minds, while his wife, Yor, is an assassin! With it being in each of their own interests to keep these facts hidden, they start living together while concealing their true identities from one another. <br> World peace is now in the hands of this brand-new family as they embark on an adventure full of surprises. <br><br> (Source: Crunchyroll)",12,83,503632,Action|Comedy|Slice of Life|Supernatural,TV,https://anilist.co/anime/140960,https://s4.anilist.co/file/anilistcdn/media/anime/cover/medium/bx140960-Kb6R5nYQfjmP.jpg
20447,Noragami,"Minor god Yato is down on his luck. Fed up with his slacker lifestyle, his partner abruptly quits. He has no money, no worshippers, and no shrine to call home. But just when things are starting to seem hopeless, a bus accident forces him to cross paths with Hiyori Iki, a sweet and perky high school girl. After the accident, Hiyori's soul has a bad habit of slipping out of her body, and after enlisting Yato's help to get her back to normal, she begins to fall into the world of spirits and gods.<br> <br> But Hiyori's not the only one who's keeping tabs on Yato. A god from Yato's past is back, and he's not interested in a friendly reunion.<br> <br> (Source: Funimation)",12,77,500904,Action|Adventure|Comedy|Supernatural,TV,https://anilist.co/anime/20447,https://s4.anilist.co/file/anilistcdn/media/anime/cover/medium/bx20447-EoQXeygHaVCK.jpg
19815,No Game No Life,"Bored with life and considering the real world to be just a “crappy game,” savvy sibling shut-ins Sora and Shiro have withdrawn into their own fantasy world filled with video games.  <br><br> However, one day they find themselves summoned to another world by a boy who calls himself “God,” their abilities are about to be put to the ultimate test! Now not only their fates — but the fate of all of humanity — will be decided by a series of games that may just be the hardest these super-geniuses have ever faced! <br><br> (Source: Sentai Filmworks, edited)",12,77,500801,Adventure|Comedy|Ecchi|Fantasy,TV,https://anilist.co/anime/19815,https://s4.anilist.co/file/anilistcdn/media/anime/cover/medium/b19815-sEOQ9yQaPKlk.jpg
105333,Dr. STONE,"After five years of harboring unspoken feelings, high-schooler Taiju Ooki is finally ready to confess his love to Yuzuriha Ogawa. Just when Taiju begins his confession however, a blinding green light strikes the Earth and petrifies mankind around the world— turning every single human into stone. <br><br> Several millennia later, Taiju awakens to find the modern world completely nonexistent, as nature has flourished in the years humanity stood still. Among a stone world of statues, Taiju encounters one other living human: his science-loving friend Senkuu, who has been active for a few months. Taiju learns that Senkuu has developed a grand scheme—to launch the complete revival of civilization with science. Taiju's brawn and Senkuu's brains combine to forge a formidable partnership, and they soon uncover a method to revive those petrified. <br><br> However, Senkuu's master plan is threatened when his ideologies are challenged by those who awaken. All the while, the reason for mankind's petrification remains unknown. <br><br> (Source: MAL Rewrite)",24,81,500073,Action|Adventure|Comedy|Sci-Fi,TV,https://anilist.co/anime/105333,https://s4.anilist.co/file/anilistcdn/media/anime/cover/medium/bx105333-GybuoSoOZfpH.jpg
21827,Violet Evergarden,"A certain point in time, in the continent of Telesis. The great war which divided the continent into North and South has ended after four years, and the people are welcoming a new generation. Violet Evergarden, a young girl formerly known as “the weapon”, has left the battlefield to start a new life at CH Postal Service. There, she is deeply moved by the work of “Auto Memories Dolls”, who carry people's thoughts and convert them into words. Violet begins her journey as an Auto Memories Doll, and comes face to face with various people's emotions and differing shapes of love. There are words Violet heard on the battlefield, which she cannot forget. These words were given to her by someone she holds dear, more than anyone else. She does not yet know their meaning but she searches to find it.<br> <br> (Source: Anime News Network)",13,85,497333,Drama|Fantasy|Slice of Life,TV,https://anilist.co/anime/21827,https://s4.anilist.co/file/anilistcdn/media/anime/cover/medium/bx21827-ubzq619ZA2E9.png
4224,Toradora!,"Ryuuji Takasu is a gentle high school student with a love for housework; but in contrast to his kind nature, he has an intimidating face that often gets him labeled as a delinquent. On the other hand is Taiga Aisaka, a small, doll-like student, who is anything but a cute and fragile girl. Equipped with a wooden katana and feisty personality, Taiga is known throughout the school as the ""Palmtop Tiger."" <br><br> One day, an embarrassing mistake causes the two students to cross paths. Ryuuji discovers that Taiga actually has a sweet side: she has a crush on the popular vice president, Yuusaku Kitamura, who happens to be his best friend. But things only get crazier when Ryuuji reveals that he has a crush on Minori Kushieda—Taiga's best friend! <br><br> <i>Toradora!</i> is a romantic comedy that follows this odd duo as they embark on a quest to help each other with their respective crushes, forming an unlikely alliance in the process. ",25,77,495332,Comedy|Drama|Romance|Slice of Life,TV,https://anilist.co/anime/4224,https://s4.anilist.co/file/anilistcdn/media/anime/cover/medium/bx4224-PXVMBLNwy2aF.jpg
20613,Akame ga Kill!,"In a land where corruption rules and a ruthless Prime Minister has turned the puppet Emperor's armies of soldiers, assassins and secret police against the people, only one force dares to stand against them: Night Raid, an elite team of relentless killers, each equipped with an Imperial Arm - legendary weapons with unique and incredible powers created in the distant past.<br> <br> Rescued from a fate worse than death by Night Raid, young Tatsumi is offered the chance to join their lethal ranks… but it's a deadly choice, as few can master an Imperial Arm and even fewer survive when two Arms go against each other in combat. The battle is on, and only the strongest will make it out alive. <br><br> (Source: Sentai Filmworks)",24,72,491248,Action|Adventure|Drama|Fantasy|Horror|Psychological|Thriller,TV,https://anilist.co/anime/20613,https://s4.anilist.co/file/anilistcdn/media/anime/cover/medium/bx20613-HXHpec4bemk5.jpg
104276,Boku no Hero Academia 4,"The villain world teeters on the brink of war now that All For One is out of the picture. Shigaraki of the League of Villains squares off with Overhaul of the yakuza, vying for total control of the shadows. Meanwhile, Deku gets tangled in another dangerous internship as he struggles to keep pace with his upperclassman—Mirio.<br><br>(Source: Crunchyroll)",25,78,488669,Action|Adventure|Comedy|Drama|Sci-Fi,TV,https://anilist.co/anime/104276,https://s4.anilist.co/file/anilistcdn/media/anime/cover/medium/bx104276-SnEowMvesWIE.png
20789,Nanatsu no Taizai,"When they were accused of trying to overthrow the monarchy, the feared warriors the Seven Deadly Sins were sent into exile. Princess Elizabeth discovers the truth - the Sins were framed by the king's guard, the Holy Knights - too late to prevent them from assassinating her father and seizing the throne!<br> Now the princess is on the run, seeking the Sins to help her reclaim the kingdom. But the first Sin she meets, Meliodas, is a little innkeeper with a talking pig. He doesn't even have a real sword! Have the legends of the Sins' strength been exaggerated?<br> <br> (Source: Anime News Network)",24,73,486808,Action|Adventure|Comedy|Ecchi|Fantasy|Supernatural,TV,https://anilist.co/anime/20789,https://s4.anilist.co/file/anilistcdn/media/anime/cover/medium/bx20789-Ma5ouSYPkru9.jpg
101348,VINLAND SAGA,"Thorfinn is son to one of the Vikings' greatest warriors, but when his father is killed in battle by the mercenary leader Askeladd, he swears to have his revenge. Thorfinn joins Askeladd's band in order to challenge him to a duel, and ends up caught in the middle of a war for the crown of England. <br><br> (Source: Kodansha USA)",24,87,478152,Action|Adventure|Drama,TV,https://anilist.co/anime/101348,https://s4.anilist.co/file/anilistcdn/media/anime/cover/medium/bx101348-2fhDFPCuMNiz.jpg
124080,Horimiya,"A secret life is the one thing they have in common. At school, Hori is a prim and perfect social butterfly, but the truth is she's a brash homebody. Meanwhile, under a gloomy facade, Miyamura hides a gentle heart, along with piercings and tattoos. In a chance meeting, they both reveal a side they've never shown. Could this blossom into something new?<br> <br> (Source: Funimation)",13,81,470158,Comedy|Romance|Slice of Life,TV,https://anilist.co/anime/124080,https://s4.anilist.co/file/anilistcdn/media/anime/cover/medium/bx124080-oeviACzGv5Vx.jpg
21202,Kono Subarashii Sekai ni Shukufuku wo!,"Kazuma Satou decides that today is the day to get out of the house for a bit. Since he dies, pointlessly, it's clearly a bad choice. The goddess who greets him in the afterlife, however, offers him a chance to be reborn in a world not unlike that of a video game, and as a bonus she'll even throw in a cool item or power! Can't possibly be a bad choice, right? Except he arrives with no money at all, dead average skills, and his ""bonus"" isn't useful at all--since he picked the goddess, Aqua, herself. How are the two of them supposed to defeat the evil Devil King and live happily ever after? Well, for them, it probably starts with day laboring rather than adventuring. And it's only going to get more disappointing from there!<br> <br> (Source: Crunchyroll)",10,79,468274,Adventure|Comedy|Ecchi|Fantasy,TV,https://anilist.co/anime/21202,https://s4.anilist.co/file/anilistcdn/media/anime/cover/medium/bx21202-qQoJeKz76vRT.png
112151,Kimetsu no Yaiba: Mugen Ressha-hen,"This Demon Slayer movie sees Tanjiro Kamado and friends from the Demon Slayer corps board the Infinity Train on a new mission to investigate a mysterious series of disappearances, perpetrated by a demon who has been tormenting people and killing the demon slayers who oppose it.",1,84,461625,Action|Adventure|Drama|Fantasy|Mystery|Supernatural,MOVIE,https://anilist.co/anime/112151,https://s4.anilist.co/file/anilistcdn/media/anime/cover/medium/bx112151-1qlQwPB1RrJe.png
20623,Kiseijuu: Sei no Kakuritsu,"They arrive in silence and darkness. They descend from the skies. They have a hunger for human flesh. They are everywhere. They are parasites, alien creatures who must invade–and take control of–a human host to survive. And once they have infected their victims, they can assume any deadly form they choose: monsters with giant teeth, winged demons, creatures with blades for hands. But most have chosen to conceal their lethal purpose behind ordinary human faces. So no one knows their secret–except an ordinary high school student. Shin is battling for control of his own body against an alien parasite, but can he find a way to warn humanity of the horrors to come?<br> <br> (Source: Del Rey)",24,81,459635,Action|Drama|Horror|Psychological|Sci-Fi,TV,https://anilist.co/anime/20623,https://s4.anilist.co/file/anilistcdn/media/anime/cover/medium/bx20623-dUARfggnNDOe.jpg
99423,Darling in the Franxx,"The distant future: Humanity established the mobile fort city, Plantation, upon the ruined wasteland. Within the city were pilot quarters, Mistilteinn, otherwise known as the “Birdcage.” That is where the children live... Their only mission in life was the fight. Their enemies are the mysterious giant organisms known as Kyoryu. The children operate robots known as FRANXX in order to face these still unseen enemies. Among them was a boy who was once called a child prodigy: Code number 016, Hiro. One day, a mysterious girl called Zero Two appears in front of Hiro. “I’ve found you, my Darling.” <br><br> (Source: Crunchyroll)",24,68,452788,Action|Drama|Mecha|Psychological|Romance|Sci-Fi,TV,https://anilist.co/anime/99423,https://s4.anilist.co/file/anilistcdn/media/anime/cover/medium/nx99423-8MBxtwCeHf8B.png
269,BLEACH,"Ichigo Kurosaki is a rather normal high school student apart from the fact he has the ability to see ghosts. This ability never impacted his life in a major way until the day he encounters the Shinigami Kuchiki Rukia, who saves him and his family's lives from a Hollow, a corrupt spirit that devours human souls.  <br><br> Wounded during the fight against the Hollow, Rukia chooses the only option available to defeat the monster and passes her Shinigami powers to Ichigo. Now forced to act as a substitute until Rukia recovers, Ichigo hunts down the Hollows that plague his town.    ",366,79,449461,Action|Adventure|Supernatural,TV,https://anilist.co/anime/269,https://s4.anilist.co/file/anilistcdn/media/anime/cover/medium/bx269-d2GmRkJbMopq.png
1575,Code Geass: Hangyaku no Lelouch,"On August 10th of the year 2010 the Holy Empire of Britannia began a campaign of conquest, its sights set on Japan. Operations were completed in one month thanks to Britannia's deployment of new mobile humanoid armor vehicles dubbed Knightmare Frames. Japan's rights and identity were stripped away, the once proud nation now referred to as Area 11. Its citizens, Elevens, are forced to scratch out a living while the Britannian aristocracy lives comfortably within their settlements. Pockets of resistance appear throughout Area 11, working towards independence for Japan.<br><br>  Lelouch, an exiled Imperial Prince of Britannia posing as a student, finds himself in the heart of the ongoing conflict for the island nation. Through a chance meeting with a mysterious girl named C.C., Lelouch gains his Geass, the power of the king. Now endowed with absolute dominance over any person, Lelouch may finally realize his goal of bringing down Britannia from within!<br><br> (Source: Bandai Entertainment)",25,85,445920,Action|Drama|Mecha|Sci-Fi|Thriller,TV,https://anilist.co/anime/1575,https://s4.anilist.co/file/anilistcdn/media/anime/cover/medium/bx1575-hsmWM2ydNm1m.jpg
